,feed_dobi,feed_ffa_pct,feed_mi_pct,feed_iv,feed_car_pv,feed_p_ppm,rbd_p_ppm
feed_dobi,1.0,-0.02126565599665859,0.08216125533146561,0.2471300783190981,0.7214992790489475,-0.003356687018745164,0.00822905388633676
feed_ffa_pct,-0.02126565599665859,1.0,0.07992292146900948,-0.2334018290472889,0.08274109725719156,0.3216508273570664,-0.4909521436271325
feed_mi_pct,0.08216125533146561,0.07992292146900948,1.0,-0.002365143500769462,0.028523240634325497,0.026323889237715076,-0.022107236771391234
feed_iv,0.2471300783190981,-0.2334018290472889,-0.002365143500769462,1.0,0.2675986821157143,-0.07327544930995196,0.2913749745139701
feed_car_pv,0.7214992790489475,0.08274109725719156,0.028523240634325497,0.2675986821157143,1.0,0.031514822920713656,-0.036552627477062456
feed_p_ppm,-0.003356687018745164,0.3216508273570664,0.026323889237715076,-0.07327544930995196,0.031514822920713656,1.0,0.0026771212547757905
rbd_p_ppm,0.00822905388633676,-0.4909521436271325,-0.022107236771391234,0.2913749745139701,-0.036552627477062456,0.0026771212547757905,1.0
