,feed_dobi,feed_ffa_pct,feed_mi_pct,feed_iv,feed_car_pv,feed_p_ppm,rbd_p_ppm
feed_dobi,1.0,0.030791833409072492,0.036069986155989504,0.303135311581531,0.7343560907747227,-0.006377261112708014,0.021120691262894568
feed_ffa_pct,0.030791833409072492,1.0,0.09332998835996753,-0.23966729394301348,0.16625523705993056,0.3549739823176892,-0.5434645144761566
feed_mi_pct,0.036069986155989504,0.09332998835996753,1.0,-0.04131700944778573,0.05264928999540843,0.024411994624605103,-0.057554315530367134
feed_iv,0.303135311581531,-0.23966729394301348,-0.04131700944778573,1.0,0.291593579285685,-0.07585639980425578,0.26109933553298886
feed_car_pv,0.7343560907747227,0.16625523705993056,0.05264928999540843,0.291593579285685,1.0,0.046029917955137764,-0.05058151537908064
feed_p_ppm,-0.006377261112708014,0.3549739823176892,0.024411994624605103,-0.07585639980425578,0.046029917955137764,1.0,0.017102612746718905
rbd_p_ppm,0.021120691262894568,-0.5434645144761566,-0.057554315530367134,0.26109933553298886,-0.05058151537908064,0.017102612746718905,1.0
