feature,vif
feed_car_pv,2.342940403830212
feed_dobi,2.234821788002307
feed_iv,1.2194509620819418
feed_ffa_pct,1.1517766211088207
feed_mi_pct,1.011598399711281
